Rank,Team Name,Percentage Similarity
1,team2,100.0
2,team1,88.7708188757807
3,team3,86.89511310054105
